"","V1"
"thumbnail","https://search4.kakaocdn.net/argon/130x130_85_c/9d3F8Bwbei3"
"thumbnail","https://search4.kakaocdn.net/argon/130x130_85_c/4Key6MXTFf9"
"thumbnail","https://search4.kakaocdn.net/argon/130x130_85_c/C9TzArGy0xR"
"thumbnail","https://search1.kakaocdn.net/argon/130x130_85_c/GVsGcbQBE3o"
"thumbnail","https://search3.kakaocdn.net/argon/130x130_85_c/879lHzRSryI"
"thumbnail","https://search3.kakaocdn.net/argon/130x130_85_c/83kofVP6PUc"
"thumbnail","https://search2.kakaocdn.net/argon/130x130_85_c/HzkLYHnT0h1"
"thumbnail","https://search2.kakaocdn.net/argon/130x130_85_c/5iA9uguZbHl"
"thumbnail","https://search3.kakaocdn.net/argon/130x130_85_c/4kgH5kp4OB8"
"thumbnail","https://search3.kakaocdn.net/argon/130x130_85_c/9nDYcP8ygYI"
"thumbnail","https://search4.kakaocdn.net/argon/130x130_85_c/H18heGSGtht"
"thumbnail","https://search2.kakaocdn.net/argon/130x130_85_c/6IKmv4FLksP"
"thumbnail","https://search2.kakaocdn.net/argon/130x130_85_c/5nraIpRS4n7"
"thumbnail","https://search3.kakaocdn.net/argon/130x130_85_c/CTbVSxObQr0"
"thumbnail","https://search4.kakaocdn.net/argon/130x130_85_c/ErsBJ1R8nCn"
"thumbnail","https://search3.kakaocdn.net/argon/130x130_85_c/9p9SLX8kE1C"
"thumbnail","https://search3.kakaocdn.net/argon/130x130_85_c/LpZVE1Jxpag"
"thumbnail","https://search1.kakaocdn.net/argon/130x130_85_c/60QYs0rTpRg"
"thumbnail","https://search4.kakaocdn.net/argon/130x130_85_c/Gq0cduLavE1"
"thumbnail","https://search4.kakaocdn.net/argon/130x130_85_c/F5a8v5xO51x"
"thumbnail","https://search3.kakaocdn.net/argon/130x130_85_c/KbMLgneo46E"
"thumbnail","https://search2.kakaocdn.net/argon/130x130_85_c/9Fhc4jtBf9p"
"thumbnail","https://search2.kakaocdn.net/argon/130x130_85_c/3c9wOmLhSjF"
"thumbnail","https://search3.kakaocdn.net/argon/130x130_85_c/8ntvEt1nqMc"
"thumbnail","https://search3.kakaocdn.net/argon/130x130_85_c/4uRvpUzkpJe"
"thumbnail","https://search1.kakaocdn.net/argon/130x130_85_c/5OeTlE15Imy"
"thumbnail","https://search2.kakaocdn.net/argon/130x130_85_c/3fMxnHcj2Ej"
"thumbnail","https://search4.kakaocdn.net/argon/130x130_85_c/G4gyLm3oKab"
"thumbnail","https://search1.kakaocdn.net/argon/130x130_85_c/FhYeR8VcFmq"
"thumbnail","https://search2.kakaocdn.net/argon/130x130_85_c/H983rKkYD2h"
"thumbnail","https://search4.kakaocdn.net/argon/130x130_85_c/5IdnI9NmPs7"
"thumbnail","https://search2.kakaocdn.net/argon/130x130_85_c/GNGVErO7tUF"
"thumbnail","https://search1.kakaocdn.net/argon/130x130_85_c/FDzsHbc4B5g"
"thumbnail","https://search2.kakaocdn.net/argon/130x130_85_c/HelDs0hwf0F"
"thumbnail","https://search1.kakaocdn.net/argon/130x130_85_c/3FOOGKppn9U"
"thumbnail","https://search2.kakaocdn.net/argon/130x130_85_c/JTK9bmOEUzH"
"thumbnail","https://search3.kakaocdn.net/argon/130x130_85_c/3gAe0zFhOck"
"thumbnail","https://search2.kakaocdn.net/argon/130x130_85_c/G52m3lh7urn"
"thumbnail","https://search3.kakaocdn.net/argon/130x130_85_c/L15j9LeOrp8"
"thumbnail","https://search2.kakaocdn.net/argon/130x130_85_c/H6j7s08BnVn"
"thumbnail","https://search4.kakaocdn.net/argon/130x130_85_c/LO3bB8szBFR"
"thumbnail","https://search3.kakaocdn.net/argon/130x130_85_c/6s3uobPnwbK"
"thumbnail","https://search3.kakaocdn.net/argon/130x130_85_c/AQOjsdJvDYE"
"thumbnail","https://search3.kakaocdn.net/argon/130x130_85_c/4ZLWEDfM9LK"
"thumbnail","https://search1.kakaocdn.net/argon/130x130_85_c/IHssTiXNdGG"
"thumbnail","https://search3.kakaocdn.net/argon/130x130_85_c/Akxr8w5Lj4Y"
"thumbnail","https://search2.kakaocdn.net/argon/130x130_85_c/AQYWB9rh9JJ"
"thumbnail","https://search3.kakaocdn.net/argon/130x130_85_c/ADBteCnxG0A"
"thumbnail","https://search2.kakaocdn.net/argon/130x130_85_c/3V8dEky7Auf"
"thumbnail","https://search3.kakaocdn.net/argon/130x130_85_c/2o5yYaJVZac"
"thumbnail","https://search1.kakaocdn.net/argon/130x130_85_c/J13np3nlPPU"
"thumbnail","https://search4.kakaocdn.net/argon/130x130_85_c/1SbUYkXByd"
"thumbnail","https://search4.kakaocdn.net/argon/130x130_85_c/6o6L9wMgpwF"
"thumbnail","https://search3.kakaocdn.net/argon/130x130_85_c/IjUzXPpKxkc"
"thumbnail","https://search1.kakaocdn.net/argon/130x130_85_c/BaWNk5LxX0q"
"thumbnail","https://search1.kakaocdn.net/argon/130x130_85_c/Bm6LM7r5i9U"
"thumbnail","https://search4.kakaocdn.net/argon/130x130_85_c/GG8Nu7mlDen"
"thumbnail","https://search4.kakaocdn.net/argon/130x130_85_c/AF00zAnQEvH"
"thumbnail","https://search1.kakaocdn.net/argon/130x130_85_c/BnOIjpkDfPo"
"thumbnail","https://search4.kakaocdn.net/argon/130x130_85_c/JpBelfLQgaz"
"thumbnail","https://search2.kakaocdn.net/argon/130x130_85_c/FytP720YjhX"
"thumbnail","https://search3.kakaocdn.net/argon/130x130_85_c/2JcYFAq3XNG"
"thumbnail","https://search2.kakaocdn.net/argon/130x130_85_c/ErEGnrbiDih"
"thumbnail","https://search4.kakaocdn.net/argon/130x130_85_c/UMO68B63mN"
"thumbnail","https://search4.kakaocdn.net/argon/130x130_85_c/1PzagYHsHYJ"
"thumbnail","https://search1.kakaocdn.net/argon/130x130_85_c/FlK7vfg9T6W"
"thumbnail","https://search2.kakaocdn.net/argon/130x130_85_c/3qkq2Qrvh09"
"thumbnail","https://search4.kakaocdn.net/argon/130x130_85_c/6gVpdmzKW6V"
"thumbnail","https://search1.kakaocdn.net/argon/130x130_85_c/51QWCQEcOq4"
"thumbnail","https://search3.kakaocdn.net/argon/130x130_85_c/LQBYQrf3u7u"
"thumbnail","https://search3.kakaocdn.net/argon/130x130_85_c/HIRHCQOGSNK"
"thumbnail","https://search4.kakaocdn.net/argon/130x130_85_c/3eaTVKfhrx1"
"thumbnail","https://search4.kakaocdn.net/argon/130x130_85_c/9jYcufZv6ux"
"thumbnail","https://search4.kakaocdn.net/argon/130x130_85_c/3hhU90Gt19n"
"thumbnail","https://search2.kakaocdn.net/argon/130x130_85_c/DHjhLhh1aqd"
"thumbnail","https://search2.kakaocdn.net/argon/130x130_85_c/AqyzI3vGUBZ"
"thumbnail","https://search1.kakaocdn.net/argon/130x130_85_c/D2h8v72nlHE"
"thumbnail","https://search2.kakaocdn.net/argon/130x130_85_c/6ZIKWuKnqzB"
"thumbnail","https://search1.kakaocdn.net/argon/130x130_85_c/BcX3GBSkd4S"
"thumbnail","https://search1.kakaocdn.net/argon/130x130_85_c/EzTJPehauRo"
